Date,CPI,YoY_Inflation,MoM_Inflation
1970-01-01,37.9,,
1970-02-01,38.1,,0.005263170044274691
1970-03-01,38.3,,0.005235614053944943
1970-04-01,38.5,,0.00520834510713826
1970-05-01,38.6,,0.002594035177046749
1970-06-01,38.8,,0.005167970158442377
1970-07-01,38.9,,0.0025740039951728426
1970-08-01,39.0,,0.0025673955052459545
1970-09-01,39.2,,0.005115100666770409
1970-10-01,39.4,,0.005089069507471228
1970-11-01,39.6,,0.005063301956546855
1970-12-01,39.8,,0.005037794029957081
1971-01-01,39.9,0.051425211807437185,0.002509411605425707
1971-02-01,39.9,0.04616204176316241,0.0
1971-03-01,40.0,0.043429557927336104,0.0025031302181184748
1971-04-01,40.1,0.04071809301878498,0.002496880198587146
1971-05-01,40.3,0.04309919248185206,0.004975134640113708
1971-06-01,40.5,0.04288172748326576,0.004950505159856205
1971-07-01,40.6,0.042773815983286445,0.0024660924951934683
1971-08-01,40.7,0.04266644631890294,0.002460025840862399
1971-09-01,40.8,0.04000533461369899,0.002453988961566566
1971-10-01,40.9,0.037364246744867984,0.0024479816386400372
1971-11-01,41.0,0.03474294844387284,0.002442003655551809
1971-12-01,41.1,0.03214120921179699,0.002436054797881121
1972-01-01,41.2,0.032061932459663094,0.0024301348532918907
1972-02-01,41.4,0.03690455693545098,0.004842624475787991
1972-03-01,41.4,0.03440142671733232,0.0
1972-04-01,41.5,0.034317092924129156,0.002412546405383926
1972-05-01,41.6,0.031748698314580485,0.0024067400305650593
1972-06-01,41.7,0.02919915469226235,0.002400961537538268
1972-07-01,41.8,0.029128272923023637,0.0023952107259546285
1972-08-01,41.9,0.02905773447954255,0.0023894873973814854
1972-09-01,42.1,0.031365659278219826,0.004761913760243785
1972-10-01,42.2,0.031290157993210256,0.0023724803536303955
1972-11-01,42.4,0.033576295533604306,0.004728141195945896
1972-12-01,42.5,0.033495954428182186,0.002355713692459205
1973-01-01,42.7,0.03576066387909826,0.004694844304207885
1973-02-01,43.0,0.03791923486229368,0.007001195458983561
1973-03-01,43.4,0.04717856027509047,0.009259325412796726
1973-04-01,43.7,0.051654674864891933,0.006888660995185316
1973-05-01,43.9,0.05381415281390799,0.004566217979581184
1973-06-01,44.2,0.05822366027889674,0.006810469002526879
1973-07-01,44.2,0.05582844955294189,0.0
1973-08-01,45.0,0.0713766628422278,0.01793770068666725
1973-09-01,45.2,0.07104934614984978,0.004434597067865775
1973-10-01,45.6,0.07748749547837433,0.008810629682154906
1973-11-01,45.9,0.07931675482858735,0.0065574005461590396
1973-12-01,46.3,0.0856378851618172,0.008676844025688815
1974-01-01,46.8,0.09168428268902208,0.010741241831412616
1974-02-01,47.3,0.09531017980432474,0.010627092574286193
1974-03-01,47.8,0.09656619839105111,0.010515343999522907
1974-04-01,48.1,0.09593407501017094,0.006256537614305358
1974-05-01,48.6,0.10170921082532242,0.01034135379473253
1974-06-01,49.0,0.10309550902697402,0.00819676720417849
1974-07-01,49.3,0.10919929196499181,0.006103782938017666
1974-08-01,49.9,0.10335851298715315,0.01209692170882853
1974-09-01,50.6,0.11285448945523423,0.013930573535947002
1974-10-01,51.0,0.1119179162039854,0.007874056430905866
1974-11-01,51.5,0.11511669060319106,0.009756174945364656
1974-12-01,51.9,0.11417682907965461,0.007736982502152401
1975-01-01,52.3,0.11111316814727619,0.007677580899034332
1975-02-01,52.6,0.10620582424577704,0.00571974867278713
1975-03-01,52.8,0.0994855512148055,0.0037950709685515343
1975-04-01,53.0,0.0970097364404063,0.0037807228399061523
1975-05-01,53.1,0.08855339734144503,0.0018850146957714257
1975-06-01,53.5,0.08786135579133425,0.007504725654067792
1975-07-01,54.0,0.0910599655156301,0.00930239266231341
1975-08-01,54.2,0.08265990568812773,0.0036968618813262026
1975-09-01,54.6,0.07608230645743949,0.007352974305258733
1975-10-01,54.9,0.07368771579115913,0.0054794657646255705
1975-11-01,55.3,0.07119110085859867,0.007259560012804102
1975-12-01,55.6,0.06886441108469372,0.0054102927282477006
1976-01-01,55.8,0.0647774983163881,0.00359066813072854
1976-02-01,55.9,0.06084826041738923,0.0017905107737882938
1976-03-01,56.0,0.058840500022933395,0.0017873105740958803
1976-04-01,56.1,0.05684389897652889,0.001784121793501392
1976-05-01,56.4,0.060292230256120044,0.005333345975362603
1976-06-01,56.7,0.05809255683174557,0.005305052229693319
1976-07-01,57.0,0.05406722127027579,0.005277057100843819
1976-08-01,57.3,0.05561971527509336,0.005249355886143745
1976-09-01,57.6,0.05348868495098622,0.005221943981151846
1976-10-01,57.9,0.05320403606346467,0.00519481687710393
1976-11-01,58.1,0.049392755329576474,0.0034482792789159236
1976-12-01,58.4,0.04913268857764459,0.005150225976315861
1977-01-01,58.7,0.05066585744678561,0.005123836999869466
1977-02-01,59.3,0.05904492584262625,0.010169579169629012
1977-03-01,59.6,0.06230388333615484,0.0050462680676244395
1977-04-01,60.0,0.0672087496934501,0.006688988150796489
1977-05-01,60.2,0.06520319381076228,0.0033277900926747457
1977-06-01,60.5,0.06486915430308929,0.004971012722020402
1977-07-01,60.8,0.06453852113757116,0.004946423935325395
1977-08-01,61.1,0.06421124245685579,0.004922077205428455
1977-09-01,61.3,0.06225727524032,0.003267976764616013
1977-10-01,61.6,0.06194448596052461,0.00488202759730854
1977-11-01,62.0,0.06496872118722599,0.00647251450561752
1977-12-01,62.3,0.06464553595922597,0.004827040748315944
1978-01-01,62.7,0.0659217208048243,0.006400021845467725
1978-02-01,63.0,0.060525420387852934,0.0047732787526575905
1978-03-01,63.4,0.061808287371876026,0.00632913505164753
1978-04-01,63.9,0.06297479916138839,0.007855499940308833
1978-05-01,64.5,0.06899287148695142,0.009345862418237599
1978-06-01,65.0,0.07174390485884131,0.0077220460939103185
1978-07-01,65.5,0.07446035366908489,0.007662872745569097
1978-08-01,65.9,0.07562657533091192,0.006088298867255355
1978-09-01,66.5,0.08142210471964274,0.00906350615334691
1978-10-01,67.1,0.08552217343816193,0.008982096315827586
1978-11-01,67.5,0.0849932128333925,0.005943553900848137
1978-12-01,67.9,0.08607460877124319,0.005908436686166489
1979-01-01,68.5,0.08847229762930456,0.008797710703529131
1979-02-01,69.2,0.09386613623209128,0.010167117355444242
1979-03-01,69.9,0.09760178779658436,0.010064786616140837
1979-04-01,70.6,0.09971078311570723,0.009964495259431728
1979-05-01,71.4,0.1016326455438119,0.011267724846342506
1979-06-01,72.2,0.1050527760031434,0.011142176553241803
1979-07-01,73.0,0.10840929850718496,0.01101939524961048
1979-08-01,73.7,0.11186435768682927,0.009543358046899916
1979-09-01,74.4,0.11225399417723783,0.00945314264375533
1979-10-01,75.2,0.11396718697815825,0.01069528911674795
1979-11-01,76.0,0.118605742407847,0.010582109330537008
1979-12-01,76.9,0.12446984194694782,0.011772536225267194
1980-01-01,78.0,0.12987508142141208,0.014202950177993317
1980-02-01,79.0,0.13244698984339748,0.012739025777429712
1980-03-01,80.1,0.13621020483454882,0.013828001607291897
1980-04-01,80.9,0.13618367956524968,0.009937969990132712
1980-05-01,81.7,0.13475613252041843,0.009840177801511136
1980-06-01,82.5,0.13335824744185462,0.009744291474678141
1980-07-01,82.6,0.12355023937854116,0.0012113871862970882
1980-08-01,83.2,0.12124454863187197,0.007237667300230603
1980-09-01,83.9,0.12016967163411431,0.00837826564599772
1980-10-01,84.7,0.11896437070221455,0.00948998818484821
1980-11-01,85.6,0.11895194286136529,0.010569681489687642
1980-12-01,86.4,0.11648179929841165,0.00930239266231363
1981-01-01,87.2,0.11149550422534223,0.009216655104924048
1981-02-01,88.0,0.10788896201118492,0.009132483563272472
1981-03-01,88.6,0.10085600353672176,0.006795043132828808
1981-04-01,89.1,0.09654551041231757,0.005627476865728389
1981-05-01,89.7,0.0934167671987932,0.006711434587986999
1981-06-01,90.5,0.0925515573652451,0.008879081641129924
1981-07-01,91.5,0.10232929175454336,0.010989121575595165
1981-08-01,92.2,0.10271278273538519,0.007621158281072566
1981-09-01,93.1,0.10404857080986081,0.00971405372047307
1981-10-01,93.4,0.09777574357678817,0.003217160951775764
1981-11-01,93.8,0.0914795728644827,0.004273510777381864
1981-12-01,94.1,0.0853703707813239,0.0031931905791549855
1982-01-01,94.4,0.07933674223652101,0.0031830265601211125
1982-02-01,94.7,0.07337718571382612,0.0031729270405774918
1982-03-01,94.7,0.06658214258099748,0.0
1982-04-01,95.0,0.06411755712377724,0.003162891408508217
1982-05-01,95.9,0.06683521282464219,0.009429090288851687
1982-06-01,97.0,0.06936112779750232,0.011404996613990161
1982-07-01,97.5,0.06351340572232593,0.005141399500418652
1982-08-01,97.7,0.05794142848618896,0.0020491810449356452
1982-09-01,97.7,0.048227374765715834,0.0
1982-10-01,98.1,0.0490960213365204,0.004085807522580354
1982-11-01,98.0,0.043802622658393055,-0.0010198879007454116
1982-12-01,97.7,0.03754351245740315,-0.003065919621834789
1983-01-01,97.9,0.03640547638500976,0.0020449904877276478
1983-02-01,98.0,0.034253478478539386,0.001020929134107143
1983-03-01,98.1,0.03527336637928478,0.0010198879007453808
1983-04-01,98.8,0.03922071315328133,0.007110238182504812
1983-05-01,99.2,0.03383203240143464,0.004040409537005127
1983-06-01,99.4,0.02444113515914566,0.0020140993717011856
1983-07-01,99.8,0.023315805313616846,0.004016069654889744
1983-08-01,100.1,0.024268127272437694,0.003001503003756558
1983-09-01,100.4,0.027260648208891732,0.0029925209364539294
1983-10-01,100.8,0.027150989065950898,0.003976148379639417
1983-11-01,101.1,0.031142647355853856,0.00297177038915748
1983-12-01,101.4,0.03717153210834573,0.00296296513065727
1984-01-01,102.1,0.042006175634155006,0.006879634013537007
1984-02-01,102.6,0.04587045406609714,0.004885207566049341
1984-03-01,102.9,0.047770276268686594,0.002919710103334846
1984-04-01,103.3,0.044539771371770745,0.0038797332855888492
1984-05-01,103.5,0.04243359841459654,0.0019342365798309684
1984-06-01,103.7,0.0423500015729533,0.001930502530057845
1984-07-01,104.1,0.0421837923035049,0.003849860385441494
1984-08-01,104.4,0.042059989127363646,0.0028776998276151956
1984-09-01,104.7,0.041936910618862316,0.002869442427952739
1984-10-01,105.1,0.041773922245637266,0.00381316000641419
1984-11-01,105.3,0.04070329311350419,0.0019011412570243728
1984-12-01,105.5,0.03963786175903827,0.0018975337761914111
1985-01-01,105.7,0.03465216770557224,0.0018939399600707832
1985-02-01,106.3,0.03542735261123322,0.005660392471710134
1985-03-01,106.8,0.03720028368609049,0.004692641178192225
1985-04-01,107.0,0.035191458336313326,0.001870907935811824
1985-05-01,107.2,0.03512463593127796,0.0018674141747954624
1985-06-01,107.5,0.03598873233223582,0.002794598931015925
1985-07-01,107.7,0.03399760854141984,0.001858736594625342
1985-08-01,107.9,0.032975196815550584,0.0018552881017461409
1985-09-01,108.1,0.031957606768671286,0.0018518523810735048
1985-10-01,108.5,0.031837895097608745,0.00369344833535173
1985-11-01,109.0,0.034534463089214,0.004597709248629549
1985-12-01,109.5,0.03721359634043427,0.0045766670274118935
1986-01-01,109.9,0.03896596853338371,0.0036463121530203
1986-02-01,109.7,0.03148408193328239,-0.001821494128391132
1986-03-01,109.1,0.02130696631293056,-0.005484474442159452
1986-04-01,108.7,0.015762959665257554,-0.0036730987118613503
1986-05-01,109.0,0.01665163359244216,0.0027560881019799838
1986-06-01,109.4,0.017520042420163313,0.0036630077587372417
1986-07-01,109.5,0.0165749650942126,0.0009136592686745454
1986-08-01,109.6,0.015632502249826107,0.0009128252573596817
1986-09-01,110.0,0.017423641147253692,0.00364299127850123
1986-10-01,110.2,0.015546723738299958,0.001816530926398007
1986-11-01,110.4,0.012762251613851291,0.0018132371241809436
1986-12-01,110.8,0.011802225056627912,0.003616640470188515
1987-01-01,111.4,0.013556466083608028,0.005400553180000289
1987-02-01,111.8,0.018962193439814253,0.0035842332278151067
1987-03-01,112.2,0.02801810024957078,0.0035714323675971795
1987-04-01,112.7,0.03613762691856683,0.00444642795713462
1987-05-01,113.0,0.03603993648319687,0.0026583976666098774
1987-06-01,113.5,0.03679194693357656,0.004415018209116693
1987-07-01,113.8,0.03851797243567492,0.0026396847707732454
1987-08-01,114.3,0.04198919628684993,0.004384049108534449
1987-09-01,114.7,0.04183965834290877,0.0034934533345601267
1987-10-01,115.0,0.04263523164443596,0.002612104227924961
1987-11-01,115.4,0.044294220231004336,0.0034722257107492787
1987-12-01,115.6,0.04240918192509361,0.0017316021642778939
1988-01-01,116.0,0.04046286361318087,0.0034542348680876036
1988-02-01,116.2,0.0386012836968121,0.001722653311446156
1988-03-01,116.5,0.03760827991715932,0.002578428587944307
1988-04-01,117.2,0.03915245609718162,0.005990604137156973
1988-05-01,117.5,0.039050514871873034,0.002556456441301394
1988-06-01,118.0,0.03888178754420748,0.004246290881451004
1988-07-01,118.5,0.040470438882955415,0.004228336109521105
1988-08-01,119.0,0.04029692231076439,0.004210532536343458
1988-09-01,119.5,0.040996347236240335,0.004192878260035958
1988-10-01,119.9,0.041725933670218644,0.0033416906619032558
1988-11-01,120.3,0.04158426890663387,0.0033305609471645323
1988-12-01,120.7,0.04317217186520878,0.003319505122852713
1989-01-01,121.2,0.04385188252884941,0.004133945531728332
1989-02-01,121.6,0.045424125114255635,0.0032948958968524846
1989-03-01,122.2,0.04776777373173966,0.004922077205428455
1989-04-01,123.1,0.04911515604749561,0.007337986452912791
1989-05-01,123.7,0.05142094581422851,0.004862246208034556
1989-06-01,124.1,0.050403067744896675,0.0032284128121191787
1989-07-01,124.5,0.049392755329576474,0.003218023694200793
1989-08-01,124.5,0.04518222279323297,0.0
1989-09-01,124.8,0.043396084563761865,0.0024067400305650593
1989-10-01,125.4,0.04485056616535171,0.0047961722634930135
1989-11-01,125.9,0.04549931806966842,0.003979312851481054
1989-12-01,126.3,0.045351901252959625,0.003172088306143979
1990-01-01,127.5,0.0506742909632668,0.009456335242035444
1990-02-01,128.0,0.05129329438755048,0.003913899321136315
1990-03-01,128.6,0.05104776506602394,0.004676547883901803
1990-04-01,128.9,0.04603987675473402,0.0023300981416228303
1990-05-01,129.1,0.04272801845415449,0.0015503879074549917
1990-06-01,129.9,0.04567723146599251,0.006177625823957155
1990-07-01,130.5,0.04706751085798573,0.004608303086194181
1990-08-01,131.6,0.055461302986454436,0.00839379212846862
1990-09-01,132.5,0.059870189490949716,0.006815626535060039
1990-10-01,133.4,0.061843505282703055,0.006769488055246575
1990-11-01,133.7,0.06011054305759585,0.0022463506263740154
1990-12-01,134.2,0.06067119518113591,0.0037327404296839204
1991-01-01,134.7,0.0549337188178374,0.003718858878736977
1991-02-01,134.8,0.05176193455858958,0.0007421150618884935
1991-03-01,134.8,0.04708538667468786,0.0
1991-04-01,135.1,0.04697833502101129,0.0022230464879464517
1991-05-01,135.6,0.049122077653698415,0.003694130540142098
1991-06-01,136.0,0.04588996205949812,0.0029455102297569658
1991-07-01,136.2,0.042751166952663906,0.001469507979359978
1991-08-01,136.6,0.0372899282454728,0.00293255342127772
1991-09-01,137.0,0.03339828040184801,0.002923978691435282
1991-10-01,137.2,0.02808758181026142,0.0014587894636598666
1991-11-01,137.8,0.03020487447166097,0.004363643287773492
1991-12-01,138.2,0.029370686795988196,0.0028985527540112575
1992-01-01,138.3,0.026375155254394413,0.0007233273371432477
1992-02-01,138.6,0.02779988827759601,0.002166848085090293
1992-03-01,139.1,0.03140090045119042,0.003601012173594375
1992-04-01,139.4,0.031332253360270415,0.0021543993970264464
1992-05-01,139.7,0.029787890756621003,0.002149767936492443
1992-06-01,140.1,0.029701567606909205,0.0028591870800451606
1992-07-01,140.5,0.031083095058388594,0.0028510354308390845
1992-08-01,140.8,0.030283496587252365,0.0021329549501415855
1992-09-01,141.1,0.029487933030643444,0.0021284151348261327
1992-10-01,141.7,0.0322724314048499,0.0042432878378664204
1992-11-01,142.1,0.03072767652349658,0.002818888406420201
1992-12-01,142.3,0.0292355937622374,0.001406469992751825
1993-01-01,142.8,0.03201981123477157,0.003507544809677335
1993-02-01,143.1,0.03195159980660243,0.002098636656920984
1993-03-01,143.3,0.029747235904728993,0.0013966482717210399
1993-04-01,143.8,0.03107594696052274,0.003483110452820178
1993-05-01,144.2,0.03170395858793267,0.0027777795639021483
1993-06-01,144.3,0.02953801243686409,0.0006932409289767081
1993-07-01,144.5,0.028072018778686307,0.0013850417726614787
1993-08-01,144.8,0.028013036227673888,0.002073972399129172
1993-09-01,145.0,0.027264883561806112,0.0013802624689582686
1993-10-01,145.6,0.027150989065950898,0.0041293933420111124
1993-11-01,146.0,0.02707558660528153,0.002743485945750834
1993-12-01,146.3,0.02772180293027201,0.0020526863177422615
1994-01-01,146.3,0.02421425812059453,0.0
1994-02-01,146.7,0.024845998586530804,0.002730377122857327
1994-03-01,147.1,0.02617229277326554,0.002722942458455884
1994-04-01,147.2,0.023368761007829402,0.0006795786873839003
1994-05-01,147.5,0.022626950929025804,0.0020359694850987584
1994-06-01,147.9,0.02464190393692893,0.0027081939368795564
1994-07-01,148.4,0.026631823180793192,0.0033749610165260007
1994-08-01,149.0,0.028592825993843052,0.004034975212179082
1994-09-01,149.3,0.029223962124570423,0.002011398599685635
1994-10-01,149.4,0.025764136936131464,0.0006695681535722229
1994-11-01,149.8,0.025694449374782723,0.002673798384402205
1994-12-01,150.1,0.025642430613337437,0.002000667556296969
1995-01-01,150.5,0.028303776162851724,0.0026613455495140817
1995-02-01,150.9,0.02822768062486738,0.0026542815848727233
1995-03-01,151.2,0.027490836138040826,0.0019860979716293243
1995-04-01,151.8,0.030771658666753902,0.0039604012160971355
1995-05-01,152.1,0.03071002348537261,0.001974334303717608
1995-06-01,152.4,0.029972273535791717,0.0019704439872987385
1995-07-01,152.6,0.027908788117076443,0.0013114755978106555
1995-08-01,152.9,0.02583780698955756,0.001963994084660022
1995-09-01,153.1,0.025133598118493316,0.0013071897286214247
1995-10-01,153.5,0.02707329432853481,0.0026092643636138452
1995-11-01,153.7,0.025701579461430944,0.0013020835172982007
1995-12-01,153.9,0.0250013022054174,0.0013003903002835552
1996-01-01,154.7,0.027524673390089936,0.005184716734186895
1996-02-01,155.0,0.02680775114544342,0.0019373593402261763
1996-03-01,155.5,0.028042267873856247,0.003220614700042157
1996-04-01,156.1,0.027932962559856812,0.0038510959020974724
1996-05-01,156.4,0.027878628845963604,0.0019200005898244268
1996-06-01,156.7,0.02782450610942905,0.001916321250764277
1996-07-01,157.0,0.028425686497951505,0.0019126559863329874
1996-08-01,157.2,0.0277347670600895,0.0012730746467981126
1996-09-01,157.7,0.02960319130535467,0.003175613973886599
1996-10-01,158.2,0.030159488306301538,0.003165561364560711
1996-11-01,158.7,0.03201297698781311,0.003155572198809847
1996-12-01,159.1,0.03322989449890764,0.0025173078113778927
1997-01-01,159.4,0.029929008777094337,0.0018838310123735441
1997-02-01,159.7,0.029871938301720087,0.0018802888648519064
1997-03-01,159.8,0.0272773017128855,0.0006259781112076208
1997-04-01,159.9,0.02405179231852233,0.0006255865077341677
1997-05-01,159.9,0.022131791728697812,0.0
1997-06-01,160.2,0.02208988527228368,0.0018744147943501304
1997-07-01,160.4,0.021424890084106057,0.0012476607981552772
1997-08-01,160.8,0.02264247674975997,0.0024906613124518304
1997-09-01,161.2,0.02195133610353526,0.002484473327661744
1997-10-01,161.5,0.020645087329157718,0.0018593125901834146
1997-11-01,161.7,0.01872713905069773,0.0012376239203498564
1997-12-01,161.8,0.016828069280650254,0.0006182380413302749
1998-01-01,162.0,0.016179568876269267,0.0012353306079925864
1998-02-01,162.0,0.014299280011417346,0.0
1998-03-01,162.0,0.013673301900209642,0.0
1998-04-01,162.2,0.014281521841403815,0.001233806448928344
1998-05-01,162.6,0.0167445772738017,0.0024630554323978138
1998-06-01,162.8,0.016099418934181115,0.0012292564547299115
1998-07-01,163.2,0.017305747097592427,0.002453988961566566
1998-08-01,163.4,0.01603982568103658,0.0012247398958958697
1998-09-01,163.5,0.01416716026478027,0.0006118079114054928
1998-10-01,163.9,0.014751343087072764,0.002443495412475845
1998-11-01,164.1,0.014733231512984087,0.0012195123462611901
1998-12-01,164.4,0.015941477997688185,0.0018264845260345028
1999-01-01,164.7,0.016529301951210506,0.0018231545615149567
1999-02-01,164.7,0.016529301951210506,0.0
1999-03-01,164.8,0.017136282242987237,0.0006069802917767355
1999-04-01,165.9,0.022555055515086367,0.006652579721027396
1999-05-01,166.0,0.020694591242832957,0.0006025911601442921
1999-06-01,166.0,0.01946533478810325,0.0
1999-07-01,166.7,0.02121934722674172,0.004208001400205049
1999-08-01,167.1,0.022391253175445422,0.0023966458445996747
1999-09-01,167.8,0.025959803695797812,0.004180358431757811
1999-10-01,168.1,0.025302554664785905,0.0017862463814640643
1999-11-01,168.4,0.02586610371218127,0.0017830613936565222
1999-12-01,168.8,0.026412099539777276,0.0023724803536303955
2000-01-01,169.3,0.02754665195549507,0.002957706977232991
2000-02-01,170.0,0.031672799866667115,0.004126147911171987
2000-03-01,171.0,0.036930939027288556,0.005865119452398058
2000-04-01,170.9,0.02969339292514635,-0.0005849663811145648
2000-05-01,171.2,0.030844675351098354,0.0017538735860964214
2000-06-01,172.2,0.036668803637087126,0.005824128285988713
2000-07-01,172.7,0.035360195395884496,0.0028993931590025786
2000-08-01,172.7,0.03296354955128475,0.0
2000-09-01,173.6,0.03398100819314386,0.005197817073616917
2000-10-01,173.9,0.033921380945667386,0.0017266191339877245
2000-11-01,174.2,0.03386196261017607,0.0017236430581650374
2000-12-01,174.6,0.03378306124364493,0.0022935789870993646
2001-01-01,175.6,0.03653639206192645,0.005711037795514434
2001-02-01,176.0,0.03468555798789011,0.0022753138371356054
2001-03-01,176.1,0.02938845899950049,0.0005680204640086013
2001-04-01,176.4,0.03167555345114574,0.0017021280705305842
2001-05-01,177.3,0.03501074937252054,0.005089069507471228
2001-06-01,177.7,0.03144014316697529,0.0022535220804432536
2001-07-01,177.4,0.02685108472284635,-0.001689665285126382
2001-08-01,177.4,0.02685108472284635,0.0
2001-09-01,178.1,0.025591388069366103,0.003938120420136736
2001-10-01,177.6,0.021053409197832263,-0.0028113597375462574
2001-11-01,177.5,0.018766544497068195,-0.000563221642599225
2001-12-01,177.4,0.015909426469977447,-0.0005635390399913477
2002-01-01,177.7,0.011888053959589435,0.0016896652851264519
2002-02-01,178.0,0.011299555253933466,0.0016868151314795696
2002-03-01,178.5,0.013536585717533321,0.0028050509276086816
2002-04-01,179.3,0.0163062370383963,0.004471779391393411
2002-05-01,179.5,0.0123319948481712,0.0011148273172463632
2002-06-01,179.6,0.010635420707493659,0.0005569479397655673
2002-07-01,180.0,0.014549781014731146,0.0022246950221111086
2002-08-01,180.5,0.017323707897456395,0.0027739268827252244
2002-09-01,180.8,0.01504625766246033,0.0016606701851405402
2002-10-01,181.2,0.020067563050809173,0.00220994565080267
2002-11-01,181.5,0.022285044789434955,0.001654260096026468
2002-12-01,181.8,0.024500111867899403,0.0016515280384731608
2003-01-01,182.6,0.027201233000262566,0.004390786417489539
2003-02-01,183.6,0.03097592789430493,0.005461510025521943
2003-03-01,183.9,0.02980353039058175,0.0016326534238853118
2003-04-01,183.2,0.021518071628942575,-0.003813679370245629
2003-05-01,182.9,0.018764347468486473,-0.0016388968432098424
2003-06-01,183.1,0.019300295812365895,0.0010928962836450477
2003-07-01,183.7,0.020347141330869477,0.0032715405406149485
2003-08-01,184.5,0.021918685707646275,0.004345471259501864
2003-09-01,185.1,0.02350477162137556,0.003246756098869873
2003-10-01,184.9,0.020213744784200363,-0.0010810811863725966
2003-11-01,185.0,0.01910017137341943,0.0005406866852456777
2003-12-01,185.5,0.02014770030411127,0.0026990569691649835
2004-01-01,186.3,0.020060309446674748,0.004303395560052973
2004-02-01,186.7,0.01674357236128671,0.0021447729401339456
2004-03-01,187.1,0.017251101669768416,0.0021401827323670503
2004-04-01,187.4,0.022666917564292056,0.0016021365242778537
2004-05-01,188.2,0.028565671754459124,0.004259857346957287
2004-06-01,188.9,0.03118532282699885,0.00371254735618464
2004-07-01,189.1,0.02897198344333197,0.0010582011569479043
2004-08-01,189.2,0.02515519313719588,0.0005286809533661568
2004-09-01,189.8,0.02507466659637566,0.0031662295580497345
2004-10-01,190.8,0.03141062062110694,0.005254872838358597
2004-11-01,191.7,0.03557582497327385,0.004705891037412493
2004-12-01,191.7,0.03287676800410894,0.0
2005-01-01,191.6,0.028051587929217303,-0.0005217845148385751
2005-02-01,192.4,0.03007348768392921,0.004166672694845912
2005-03-01,193.1,0.03156495615442493,0.003631651202862546
2005-04-01,193.7,0.03306520060862834,0.0031023809784813516
2005-05-01,193.6,0.02828894769119747,-0.000516395570473542
2005-06-01,193.7,0.025092795905486295,0.0005163955704734247
2005-07-01,194.9,0.030210630849103314,0.006176036100565044
2005-08-01,196.1,0.035820076584522714,0.006138126688785481
2005-09-01,198.8,0.04632840804664625,0.013674561020173094
2005-10-01,199.1,0.04258145205596446,0.0015079168476769278
2005-11-01,198.1,0.0328403036529064,-0.005035257365645317
2005-12-01,198.1,0.0328403036529064,0.0
2006-01-01,199.3,0.03940136168198898,0.006039273514243958
2006-02-01,199.4,0.03573631929613176,0.0005016303089889478
2006-03-01,199.7,0.033608050987300735,0.0015033828940314653
2006-04-01,200.7,0.03550068538934228,0.00499501538052293
2006-05-01,201.3,0.039002157803269176,0.002985076843453499
2006-06-01,201.8,0.04096653750655852,0.002480775273762845
2006-07-01,202.9,0.040226640318253945,0.005436138912260425
2006-08-01,203.8,0.03851438758632393,0.004425873956855375
2006-09-01,202.8,0.01992097749455435,-0.004918849071596378
2006-10-01,201.9,0.013965314248641348,-0.004447746398236365
2006-11-01,202.0,0.01949574369669962,0.0004951720824129466
2006-12-01,203.1,0.02492651488183365,0.005430771185134245
2007-01-01,203.437,0.0205451474238225,0.0016579060562328177
2007-02-01,204.226,0.023914366248373273,0.0038708491335397678
2007-03-01,205.288,0.027597630847541504,0.005186647493199586
2007-04-01,205.904,0.0255987849490166,0.002996169481998037
2007-05-01,206.755,0.026738184762487557,0.004124476656924383
2007-06-01,207.234,0.02657148166818345,0.002314072179458679
2007-07-01,207.603,0.022914355222603735,0.001779012466680695
2007-08-01,207.667,0.01879671446586731,0.00030823320011906714
2007-09-01,208.547,0.027944163782901547,0.004228600245437914
2007-10-01,209.19,0.03547040458223712,0.003078494401099269
2007-11-01,210.834,0.04280339658269746,0.007828164082873188
2007-12-01,211.445,0.04026644880051255,0.002893823402949134
2008-01-01,212.174,0.04205031811145322,0.0034417753671732187
2008-02-01,212.687,0.04059437761536767,0.002414908637454258
2008-03-01,213.448,0.03897937201491333,0.0035716418927452974
2008-04-01,213.942,0.03829490949842318,0.002311706965507739
2008-05-01,215.208,0.04007048490962267,0.005900052068123849
2008-06-01,217.463,0.04818013152732992,0.01042371879716586
2008-07-01,219.016,0.0535171844541535,0.0071160653935043484
2008-08-01,218.69,0.05171936664573997,-0.0014895846082944983
2008-09-01,218.877,0.048345492699975186,0.0008547262996730604
2008-10-01,216.995,0.036631381899317396,-0.008635616399558413
2008-11-01,213.153,0.010939123723626152,-0.017864094092817806
2008-12-01,211.398,-0.00022230473340491172,-0.008267605054081875
2009-01-01,211.933,-0.001136505768311072,0.002527574332267035
2009-02-01,212.705,8.462782567965039e-05,0.0036360422314449577
2009-03-01,212.495,-0.004474784608338522,-0.0009877705412728336
2009-04-01,212.709,-0.005779915821649152,0.0010065757521972496
2009-05-01,213.022,-0.010209555557125872,0.0014704123326470166
2009-06-01,214.79,-0.012367914498850108,0.008265359855441612
2009-07-01,214.726,-0.019781989747510612,-0.00029800985515629995
2009-08-01,215.445,-0.014949545348335981,0.00334285979088001
2009-09-01,215.861,-0.013875246181173577,0.001929025466835424
2009-10-01,216.509,-0.002242194783029564,0.002997434998585561
2009-11-01,217.234,0.018964895854719114,0.003342996544930736
2009-12-01,217.347,0.027752542063599207,0.0005200411547981258
2010-01-01,217.488,0.025873489607178453,0.0006485218758462614
2010-02-01,217.281,0.02128521749898837,-0.0009522298767451217
2010-03-01,217.353,0.022604301286158215,0.00033131324589703154
2010-04-01,217.403,0.02182773961183641,0.0002300140778755736
2010-05-01,217.29,0.01983742011461404,-0.0005199071645752246
2010-06-01,217.199,0.011153177381444416,-0.00041888287772799443
2010-07-01,217.605,0.013318695897959597,0.0018675086613587765
2010-08-01,217.923,0.011436132834318024,0.0014602967272386344
2010-09-01,218.275,0.011121053678140097,0.0016139463106576751
2010-10-01,219.035,0.011599417381349782,0.003475798701795249
2010-11-01,219.59,0.010787057695652415,0.0025306368592334975
2010-12-01,220.472,0.014275547979704057,0.004008531438849716
2011-01-01,221.187,0.01686482098466286,0.003237794880805334
2011-02-01,221.898,0.02102637011283329,0.0032093192514253887
2011-03-01,223.046,0.025855268252593513,0.005160211385657418
2011-04-01,224.093,0.030308370223773487,0.004683116049055338
2011-05-01,224.806,0.03400494117946857,0.0031766637911199167
2011-06-01,224.806,0.034423824057196496,0.0
2011-07-01,225.395,0.035172925914501225,0.002616610518663307
2011-08-01,226.106,0.03686212647617394,0.0031494972889112407
2011-09-01,226.597,0.037417373621399234,0.0021691934558830165
2011-10-01,226.75,0.03461655459657946,0.0006749796769753305
2011-11-01,227.169,0.0339320626178412,0.001846144880495314
2011-12-01,227.223,0.03016121142095968,0.00023768024196813014
2012-01-01,227.842,0.029643908697416396,0.002720492157261997
2012-02-01,228.329,0.02856975448285908,0.0021351650368678947
2012-03-01,228.807,0.02550082522860022,0.0020912821313985855
2012-04-01,229.187,0.022477119945619267,0.0016594107660743906
2012-05-01,228.713,0.01723013438421688,-0.0020703217702825244
2012-06-01,228.524,0.016403429586642766,-0.0008267047975740082
2012-07-01,228.59,0.014075587298480354,0.0002887682305009985
2012-08-01,229.918,0.0167188077526924,0.005792717743123192
2012-09-01,231.015,0.01930953416026779,0.004759919863458326
2012-10-01,231.638,0.021327719237692166,0.002693164754399688
2012-11-01,231.249,0.01780081818311911,-0.0016807561740777954
2012-12-01,231.221,0.01744204900550439,-0.0001210889356464298
2013-01-01,231.679,0.016700386614722406,0.001978829766479834
2013-02-01,232.937,0.01998045942680982,0.0054152378489554015
2013-03-01,232.282,0.015073297321459093,-0.0028158799739520977
2013-04-01,231.797,0.011323724421043693,-0.002090162134341092
2013-05-01,231.893,0.013808115942114958,0.00041406975078884644
2013-06-01,232.445,0.017012400261643426,0.002377579521954492
2013-07-01,232.9,0.01867917101833844,0.0019555389871961032
2013-08-01,233.456,0.015270898906586446,0.0023844456313711227
2013-09-01,233.544,0.01088785270925908,0.0003768736661310845
2013-10-01,233.669,0.008729775818350008,0.0005350878634905929
2013-11-01,234.1,0.012253322438004777,0.001842790445577049
2013-12-01,234.719,0.015015090867017382,0.0026406794933663373
2014-01-01,235.288,0.015457502818112003,0.0024212417175743435
2014-02-01,235.547,0.011142438176858054,0.0011001732077014898
2014-03-01,236.028,0.015998291291058796,0.002039973140248703
2014-04-01,236.468,0.019950903592962827,0.0018624501675628673
2014-05-01,236.918,0.02143803132391486,0.0019011974817408407
2014-06-01,237.231,0.020380712080756817,0.001320260278796452
2014-07-01,237.498,0.019550025496311584,0.0011248524027508036
2014-08-01,237.46,0.01700556571597969,-0.00016001414896081465
2014-09-01,237.477,0.016700280492135674,7.15884422871254e-05
2014-10-01,237.43,0.015967259137863034,-0.00019793349078221992
2014-11-01,236.983,0.012240034107743695,-0.0018844345845422728
2014-12-01,236.252,0.006509977956253447,-0.0030893766581240687
2015-01-01,234.747,-0.002301957253808225,-0.006390693492487211
2015-02-01,235.342,-0.0008706935730118465,0.002531436888497798
2015-03-01,235.976,-0.00022033711667848865,0.002690329596581885
2015-04-01,236.222,-0.0010408513918598254,0.0010419358923816893
2015-05-01,237.001,0.0003502708304525636,0.003292319704053215
2015-06-01,237.657,0.0017941077233714138,0.0027640971717153456
2015-07-01,238.034,0.002254318224614967,0.0015850629039942802
2015-08-01,238.033,0.002410131284233236,-4.201089342470604e-06
2015-09-01,237.498,8.842570667366297e-05,-0.002250117135272414
2015-10-01,237.733,0.0012753519995019923,0.000988992802046146
2015-11-01,238.017,0.004353691087395557,0.0011939045033511387
2015-12-01,237.761,0.006366935496002728,-0.0010761322495167532
2016-01-01,237.652,0.012299080308037832,-0.00045854868045230916
2016-02-01,237.336,0.008437083293304002,-0.001330560126235848
2016-03-01,238.08,0.008876646705649733,0.0031298930089275656
2016-04-01,238.992,0.011658037736477613,0.0038233269232094058
2016-05-01,239.557,0.010727023823578725,0.002361305791154474
2016-06-01,240.222,0.010735038085898563,0.002772111434035183
2016-07-01,240.101,0.008646147538590877,-0.0005038276433132479
2016-08-01,240.545,0.010497862708118796,0.0018475140801853071
2016-09-01,241.176,0.015367755028160165,0.002619775184769032
2016-10-01,241.741,0.01671870990986908,0.002339947683755018
2016-11-01,242.026,0.016703058710160663,0.0011782533036426713
2016-12-01,242.637,0.020300531865359805,0.0025213409056822006
2017-01-01,243.618,0.02479400596947068,0.004034925423658628
2017-02-01,244.006,0.02771595651900376,0.001591390423297148
2017-03-01,243.892,0.024118752711201754,-0.0004673107988743692
2017-04-01,244.193,0.021528817669153055,0.0012333918811606984
2017-05-01,244.004,0.01839323424236272,-0.0007742776356357931
2017-06-01,244.163,0.01627253925238295,0.0006514164440552147
2017-07-01,244.243,0.01710396320170174,0.00032759630600554457
2017-08-01,245.183,0.01909768827030412,0.003841239148787778
2017-09-01,246.435,0.021571309611642542,0.005093396526107497
2017-10-01,246.626,0.020006113975012934,0.0007747520471252745
2017-11-01,247.284,0.02149231528568953,0.002664454614319393
2017-12-01,247.805,0.021075647246180926,0.0021046728661737687
2018-01-01,248.859,0.021285046284350316,0.0042443244618279325
2018-02-01,249.529,0.022382325747230508,0.0026886698861772365
2018-03-01,249.577,0.023041980457610658,0.00019234391150581894
2018-04-01,250.227,0.024409609642524876,0.002601021066074959
2018-05-01,250.792,0.027439291721927397,0.0022554044437666926
2018-06-01,251.018,0.027688614662420258,0.000900739384548263
2018-07-01,251.214,0.028141534173608422,0.0007805158171934324
2018-08-01,251.663,0.02608602043805217,0.0017857254132317409
2018-09-01,252.182,0.023052782030270082,0.0020601581183254344
2018-10-01,252.772,0.02461487757121053,0.0023368475880657606
2018-11-01,252.594,0.021245982977308703,-0.0007044399795824596
2018-12-01,252.767,0.019825969223167622,0.0006846591120324254
2019-01-01,252.561,0.014766332681220313,-0.0008153120801192204
2019-02-01,253.319,0.015074423162215968,0.002996760367172989
2019-03-01,254.277,0.018656739167138385,0.003774659916428186
2019-04-01,255.233,0.019808347575986145,0.0037526294749225656
2019-05-01,255.296,0.01779974595956021,0.00024680282734096474
2019-06-01,255.213,0.01657384090415683,-0.0003251656708551766
2019-07-01,255.802,0.018098542197342107,0.0023052171103787075
2019-08-01,256.036,0.017227168654439545,0.0009143518703292457
2019-09-01,256.43,0.016704673825508602,0.0015376632893943979
2019-10-01,257.155,0.017191119291485153,0.002823293054042275
2019-11-01,257.879,0.02070702599713019,0.0028114667260626747
2019-12-01,258.63,0.022930353112747378,0.0029079862276498274
2020-01-01,259.127,0.025665485311763454,0.0019198201188967035
2020-02-01,259.25,0.023143283045387146,0.00047455810079677726
2020-03-01,258.076,0.014829891206053296,-0.004538731922905509
2020-04-01,256.032,0.003125583212112847,-0.007951678519017845
2020-05-01,255.802,0.00198005143952342,-0.000898728945248481
2020-06-01,257.042,0.0071410050553795045,0.004835787945001026
2020-07-01,258.352,0.009919288416800202,0.005083500471799465
2020-08-01,259.316,0.012729335637453421,0.003724399090982494
2020-09-01,259.997,0.013814369605232295,0.002622697257173156
2020-10-01,260.319,0.012228786101181322,0.0012377095499913904
2020-11-01,260.911,0.011688870339403773,0.0022715509642852643
2020-12-01,262.045,0.013117775848018641,0.004336891736264594
2021-01-01,262.687,0.013644920352352425,0.00244696462323052
2021-02-01,263.579,0.016560286184348537,0.0033899239327928117
2021-03-01,264.961,0.02632853015763096,0.005229512050376868
2021-04-01,266.614,0.04049948282641079,0.006219274149762086
2021-05-01,268.383,0.04801135706806364,0.006613145296404325
2021-06-01,270.654,0.051601756701483946,0.008426187578421077
2021-07-01,271.903,0.05112238890647847,0.004604132676794061
2021-08-01,272.676,0.05023688194741348,0.002838892131917233
2021-09-01,273.91,0.05212949279021375,0.00451530809997354
2021-10-01,276.55,0.060483834403275004,0.009592051163052466
2021-11-01,278.919,0.06674206408726398,0.008529780648274327
2021-12-01,280.845,0.06928667098426382,0.006881498633264446
2022-01-01,282.543,0.07286754203155345,0.0060278356705199595
2022-02-01,284.5,0.07638012027240038,0.0069025021736397055
2022-03-01,287.674,0.08224524921416296,0.011094640992139613
2022-04-01,288.561,0.07910458257893596,0.0030786075145350865
2022-05-01,291.298,0.08193173337717487,0.009440296094643148
2022-06-01,294.957,0.08598833063458912,0.012482784835835552
2022-07-01,294.913,0.08123501254378326,-0.00014918541401187277
2022-08-01,295.097,0.07901983867414968,0.0006237182622837172
2022-09-01,296.349,0.0787382285621273,0.004233697987950951
2022-10-01,298.007,0.07472533972171916,0.005579162322644533
2022-11-01,298.786,0.0688061809890154,0.002610621915570538
2022-12-01,298.832,0.06207862684902532,0.00015394449327434505
2023-01-01,300.42,0.06135074417716258,0.005299952998657183
2023-02-01,301.45,0.057870911369029006,0.0034226693655060596
2023-03-01,301.821,0.04800623185944349,0.0012299614825539737
2023-04-01,302.845,0.04831462139426259,0.0033869970493541277
2023-05-01,303.334,0.04048771047486532,0.0016133851752459514
2023-06-01,304.014,0.03024416997387201,0.002239244334842221
2023-07-01,304.609,0.03234858938184734,0.0019552339939636135
2023-08-01,306.082,0.036548924058198436,0.004824052938634841
2023-09-01,307.276,0.03620855266978589,0.003893326599538476
2023-10-01,307.696,0.03199530640608531,0.001365916058944007
2023-11-01,308.148,0.03085258896360219,0.0014679044730874216
2023-12-01,308.741,0.032621195148501377,0.0019225506781735927
2024-01-01,309.698,0.03041613352594894,0.00309489137610503
2024-02-01,310.967,0.031082632289068043,0.004089168128625178
2024-03-01,312.345,0.03427421970979797,0.0044215489032838895
2024-04-01,313.023,0.0330555468012441,0.0021683241408003654
2024-05-01,313.175,0.03192763108768695,0.0004854694616886912
2024-06-01,313.044,0.029270002762863914,-0.000418383989980916
2024-07-01,313.569,0.028990444577876983,0.0016756758089767393
2024-08-01,314.062,0.025737378736417748,0.001570987097175417
2024-09-01,314.732,0.0239751165349603,0.002131064398080943
2024-10-01,315.631,0.02546152718143688,0.0028523267054203993
2024-11-01,316.528,0.02683151824415731,0.00283789553580792
2024-12-01,317.604,0.028302586032356896,0.00339361846637306
2025-01-01,318.961,0.02947120916169289,0.004263514505441052
2025-02-01,319.679,0.02763057010268532,0.0022485290696176
2025-03-01,319.785,0.02354054885684864,0.0003315276574472114
2025-04-01,320.302,0.022987630473163913,0.001615405757115822
2025-05-01,320.62,0.02349448153127192,0.0009923205197966268
2025-06-01,321.435,0.026451590202880435,0.0025387246816277434
2025-07-01,322.169,0.027056821032835927,0.0022809066389322327
2025-08-01,323.291,0.028962427776042955,0.003476593840382678
2025-09-01,324.245,0.029777919832690073,0.0029465564547279883
2025-10-01,,,
2025-11-01,325.063,0.02660730441210932,
2025-12-01,326.031,0.026187145118178157,0.0029734591724420866
2026-01-01,326.588,0.023630599411519414,0.0017069687987821122
2026-02-01,327.46,0.024048542884178348,0.0026664725422765193
2026-03-01,330.293,0.03233124433257678,0.008614229105845648
2026-04-01,332.407,0.03709582098292752,0.006379982407466562
2026-05-01,333.979,0.04082149548700716,0.004717995023876308
